Workbook
Name Slicer_Age_Group: #N/A
Name Slicer_Cleaned_Gender: #N/A
Name Slicer_Region: #N/A

Sheet Questions
A1: End to End Project
A2: 1. Clean Ages
A3: 2. Clean Gender
A4: 3. Group Ages <35 --> A1, 35 to 45 --> A2, >45 --> A3
A5: 4. Production per Unit
A6: Graphs
A7: 5. Total Cost by Product Type
A8: 6 Tasks done by each manager
A9: 7. Number of Units produced by Year and Month
A10: 8. Average Production Cost Per Unit for each Product Type
A11: 9. Slicers - Region, Gender, Age group

Sheet Sheet5
A3: Row Labels | B3: Sum of TotalCost
A4: Automobiles | B4: 60197
A5: Furniture | B5: 40565
A6: Machinery | B6: 105950
A7: Grand Total | B7: 206712

Sheet Sheet6
A3: Row Labels | B3: Count of ProductionID
A4: Mike Brown | B4: 3
A5: John Doe | B5: 3
A6: David White | B6: 1
A7: Chris Green | B7: 1
A8: Andrew Blue | B8: 1
A9: Grand Total | B9: 9

Sheet Sheet7
A3: Row Labels | B3: Sum of UnitsProduced
A4: 2023 | B4: 750
A5: Oct | B5: 384
A6: Dec | B6: 366
A7: 2024 | B7: 2190
A8: Jan | B8: 518
A9: Feb | B9: 902
A10: Mar | B10: 770
A11: Grand Total | B11: 2940

Sheet Sheet8
A3: Row Labels | B3: Average of Production Cost Per Unit
A4: Automobiles | B4: 63.295885
A5: Furniture | B5: 105.63802
A6: Machinery | B6: 67.992346
A7: Grand Total | B7: 70.087883

Sheet Dashboard
A1: Production Dashboard
AG8: Sum of TotalCost
AG9: 206712

Sheet Sheet10
A3: Sum of TotalCost
A4: 206712

Sheet Unclean Dataset for Dashboard
A1: ProductionID | B1: ProductionDate | C1: Region | D1: Manager | E1: ProductType | F1: UnitsProduced | G1: TotalCost | H1: Gender | I1: Age | J1: Cleaned age | K1: Cleaned Gender | L1: Age Group | M1: Production Cost Per Unit
A2: 48 | B2: 45191 | C2: North | D2: Jane Smith | E2: Electronics | F2: 214 | G2: 11954 | H2: Female | I2: 26 | J2: 26 | K2: Female | L2: {=_xlfn.IFS(J2<35,"A1",AND(J2>=35,J2<=45),"A2",J2>45,"A3")} -> A1 | M2: =G2/F2 -> 55.859813
A3: 56 | B3: 45193 | C3: West | D3: Nancy Grey | E3: Automobiles | F3: 344 | G3: 13872 | H3: Female | I3: 42 | J3: 42 | K3: Female | L3: {=_xlfn.IFS(J3<35,"A1",AND(J3>=35,J3<=45),"A2",J3>45,"A3")} -> A2 | M3: =G3/F3 -> 40.325581
A4: 74 | B4: 45197 | C4: West | D4: Laura Black | E4: Electronics | F4: 213 | G4: 42028 | H4: Female | I4: 52 | J4: 52 | K4: Female | L4: {=_xlfn.IFS(J4<35,"A1",AND(J4>=35,J4<=45),"A2",J4>45,"A3")} -> A3 | M4: =G4/F4 -> 197.31455
A5: 30 | B5: 45200 | C5: West | D5: Emily Davis | E5: Automobiles | F5: 290 | G5: 15132 | H5: Null | I5: 25 | J5: 25 | K5: Female | L5: {=_xlfn.IFS(J5<35,"A1",AND(J5>=35,J5<=45),"A2",J5>45,"A3")} -> A1 | M5: =G5/F5 -> 52.17931
A6: 46 | B6: 45207 | C6: West | D6: Andrew Blue | E6: Automobiles | F6: 231 | G6: 32045 | H6: Female | I6: 28 | J6: 28 | K6: Male | L6: {=_xlfn.IFS(J6<35,"A1",AND(J6>=35,J6<=45),"A2",J6>45,"A3")} -> A1 | M6: =G6/F6 -> 138.72294
A7: 35 | B7: 45214 | C7: West | D7: Laura Black | E7: Machinery | F7: 260 | G7: 34680 | H7: Male | I7: 53 | J7: 52 | K7: Female | L7: {=_xlfn.IFS(J7<35,"A1",AND(J7>=35,J7<=45),"A2",J7>45,"A3")} -> A3 | M7: =G7/F7 -> 133.38462
A8: 4 | B8: 45214 | C8: West | D8: Mike Brown | E8: Machinery | F8: 459 | G8: 17069 | H8: Null | I8: 57 | J8: 57 | K8: Male | L8: {=_xlfn.IFS(J8<35,"A1",AND(J8>=35,J8<=45),"A2",J8>45,"A3")} -> A3 | M8: =G8/F8 -> 37.187364
A9: 101 | B9: 45215 | C9: South | D9: John Doe | E9: Furniture | F9: 384 | G9: 40565 | H9: Female | I9: 25 | J9: 25 | K9: Male | L9: {=_xlfn.IFS(J9<35,"A1",AND(J9>=35,J9<=45),"A2",J9>45,"A3")} -> A1 | M9: =G9/F9 -> 105.63802
A10: 17 | B10: 45215 | C10: West | D10: Nancy Grey | E10: Machinery | F10: 240 | G10: 65052 | H10: Female | I10: 45 | J10: 42 | K10: Female | L10: {=_xlfn.IFS(J10<35,"A1",AND(J10>=35,J10<=45),"A2",J10>45,"A3")} -> A2 | M10: =G10/F10 -> 271.05
A11: 53 | B11: 45216 | C11: East | D11: Nancy Grey | E11: Machinery | F11: 63 | G11: 3960 | H11: Male | I11: 48 | J11: 42 | K11: Female | L11: {=_xlfn.IFS(J11<35,"A1",AND(J11>=35,J11<=45),"A2",J11>45,"A3")} -> A2 | M11: =G11/F11 -> 62.857143
A12: 76 | B12: 45217 | C12: North | D12: John Doe | E12: Electronics | F12: 208 | G12: 25758 | H12: Null | I12: 46 | J12: 25 | K12: Male | L12: {=_xlfn.IFS(J12<35,"A1",AND(J12>=35,J12<=45),"A2",J12>45,"A3")} -> A1 | M12: =G12/F12 -> 123.83654
A13: 9 | B13: 45217 | C13: West | D13: Nancy Grey | E13: Electronics | F13: 55 | G13: 25893 | H13: Male | I13: 30 | J13: 42 | K13: Female | L13: {=_xlfn.IFS(J13<35,"A1",AND(J13>=35,J13<=45),"A2",J13>45,"A3")} -> A2 | M13: =G13/F13 -> 470.78182
... A121: 55 | B121: 45549 | C121: South | D121: Nancy Grey | E121: Furniture | F121: 491 | G121: 59458 | H121: Male | I121: 39 | J121: 42 | K121: Female | L121: {=_xlfn.IFS(J121<35,"A1",AND(J121>=35,J121<=45),"A2",J121>45,"A3")} -> A2 | M121: =G121/F121 -> 121.09572

Sheet Sheet1
A1: Manager
A2: Jane Smith | B2: =_xlfn.XLOOKUP(A2,'Unclean Dataset for Dashboard'!$D$1:$D$121,'Unclean Dataset for Dashboard'!$J$1:$J$121) -> 26 | C2: Female
A3: Nancy Grey | B3: =_xlfn.XLOOKUP(A3,'Unclean Dataset for Dashboard'!$D$1:$D$121,'Unclean Dataset for Dashboard'!$J$1:$J$121) -> 42 | C3: Female
A4: Laura Black | B4: =_xlfn.XLOOKUP(A4,'Unclean Dataset for Dashboard'!$D$1:$D$121,'Unclean Dataset for Dashboard'!$J$1:$J$121) -> 52 | C4: Female
A5: Emily Davis | B5: =_xlfn.XLOOKUP(A5,'Unclean Dataset for Dashboard'!$D$1:$D$121,'Unclean Dataset for Dashboard'!$J$1:$J$121) -> 25 | C5: Female
A6: Andrew Blue | B6: =_xlfn.XLOOKUP(A6,'Unclean Dataset for Dashboard'!$D$1:$D$121,'Unclean Dataset for Dashboard'!$J$1:$J$121) -> 28 | C6: Male
A7: Mike Brown | B7: =_xlfn.XLOOKUP(A7,'Unclean Dataset for Dashboard'!$D$1:$D$121,'Unclean Dataset for Dashboard'!$J$1:$J$121) -> 57 | C7: Male
A8: John Doe | B8: =_xlfn.XLOOKUP(A8,'Unclean Dataset for Dashboard'!$D$1:$D$121,'Unclean Dataset for Dashboard'!$J$1:$J$121) -> 25 | C8: Male
A9: David White | B9: =_xlfn.XLOOKUP(A9,'Unclean Dataset for Dashboard'!$D$1:$D$121,'Unclean Dataset for Dashboard'!$J$1:$J$121) -> 28 | C9: Male
A10: Chris Green | B10: =_xlfn.XLOOKUP(A10,'Unclean Dataset for Dashboard'!$D$1:$D$121,'Unclean Dataset for Dashboard'!$J$1:$J$121) -> 49 | C10: Male
A11: Sarah Lee | B11: =_xlfn.XLOOKUP(A11,'Unclean Dataset for Dashboard'!$D$1:$D$121,'Unclean Dataset for Dashboard'!$J$1:$J$121) -> 36 | C11: Female

Sheet If
A1: Student_ID | B1: Name | C1: Gender | D1: Department | E1: Marks | F1: Attendance_% | G1: City | H1: Course_Fee | I1: Paid_Status
A2: 101 | B2: Aisha | C2: F | D2: AIML | E2: 85 | F2: 92 | G2: Mumbai | H2: 50000 | I2: Paid | K2: Find the total Course Fee collected from students who have Paid. | Q2: =SUMIF(I2:I13,"Paid",H2:H13) -> 386000
A3: 102 | B3: Rohan | C3: M | D3: AIML | E3: 72 | F3: 88 | G3: Delhi | H3: 50000 | I3: Pending | K3: Find the total Course Fee pending. | Q3: =SUMIF(I2:I13,"Pending",H2:H13) -> 191000
A4: 103 | B4: Sneha | C4: F | D4: CSE | E4: 91 | F4: 95 | G4: Mumbai | H4: 48000 | I4: Paid | K4: Find the total marks scored by AIML students. | Q4: =SUMIF(D2:D13,"AIML",E2:E13) -> 420
A5: 104 | B5: Arjun | C5: M | D5: CSE | E5: 65 | F5: 70 | G5: Pune | H5: 48000 | I5: Pending | K5: Find the total marks of students who scored above 75. | Q5: =SUMIF(E2:E13,">75") -> 609
A6: 105 | B6: Meera | C6: F | D6: AIML | E6: 78 | F6: 85 | G6: Delhi | H6: 50000 | I6: Paid | K6: Find the total Course Fee collected from Female students. | Q6: =SUMIF(C2:C13,"F",H2:H13) -> 291000
A7: 106 | B7: Karan | C7: M | D7: IT | E7: 55 | F7: 60 | G7: Mumbai | H7: 45000 | I7: Pending | K7: Find the average marks of CSE students | Q7: =AVERAGEIF(D2:D13,"CSE",E2:E13) -> 74.25
A8: 107 | B8: Pooja | C8: F | D8: IT | E8: 88 | F8: 93 | G8: Pune | H8: 45000 | I8: Paid | K8: Find the average attendance of Mumbai students. | Q8: =AVERAGEIF(G2:G13,"Mumbai",F2:F13) -> 87.6
A9: 108 | B9: Rahul | C9: M | D9: AIML | E9: 95 | F9: 97 | G9: Mumbai | H9: 50000 | I9: Paid | K9: Find the average marks of students who have Pending fees. | Q9: =AVERAGEIF(I2:I13,"Pending",E2:E13) -> 64.75
A10: 109 | B10: Nidhi | C10: F | D10: CSE | E10: 67 | F10: 75 | G10: Delhi | H10: 48000 | I10: Pending | K10: Find the average marks of students scoring above 80. | Q10: =AVERAGEIF(E2:E13,">80") -> 88.5
A11: 110 | B11: Vikram | C11: M | D11: IT | E11: 82 | F11: 89 | G11: Pune | H11: 45000 | I11: Paid | K11: Count the number of students from Mumbai. | Q11: =COUNTIF(G2:G13,"Mumbai") -> 5
A12: 111 | B12: Tanvi | C12: F | D12: AIML | E12: 90 | F12: 94 | G12: Mumbai | H12: 50000 | I12: Paid | K12: Count how many students scored more than 80 marks. | Q12: =COUNTIF(E2:E13,">80") -> 6
A13: 112 | B13: Yash | C13: M | D13: CSE | E13: 74 | F13: 80 | G13: Delhi | H13: 48000 | I13: Paid | K13: Count the number of students with Attendance above 90%. | Q13: =COUNTIF(F2:F13,">90") -> 5
K14: Count how many students have Pending fees. | Q14: =COUNTIF(I2:I13,"Pending") -> 4
